Модель,Ссылка,Цена
Casio A-158WA-1,http://casio-shops.ru/casio-a-158wa-1,2362.80
Casio A-159WGEA-1D,http://casio-shops.ru/casio-a-159wgea-1d,4738.80
Casio A-159WGEA-9E,http://casio-shops.ru/casio-a-159wgea-9e,4474.80
Casio A-168WEGB-1B,http://casio-shops.ru/casio-a-168wegb-1b,6322.80
Casio AE-1000W-1A3,http://casio-shops.ru/casio-ae-1000w-1a3,2758.80
Casio AE-1000W-2A,http://casio-shops.ru/casio-ae-1000w-2a,2758.80
Casio AE-1000W-3A,http://casio-shops.ru/casio-ae-1000w-3a,2362.80
Casio AE-1000W-4A,http://casio-shops.ru/casio-ae-1000w-4a,2758.80
Casio AE-1000W-4B,http://casio-shops.ru/casio-ae-1000w-4b,2362.80
Casio AE-2100W-1A,http://casio-shops.ru/casio-ae-2100w-1a,3814.80
Casio AE-2100W-4A,http://casio-shops.ru/casio-ae-2100w-4a,3418.80
Casio AE-2100WD-1A,http://casio-shops.ru/casio-ae-2100wd-1a,4474.80
Casio AE-3000W-1A,http://casio-shops.ru/casio-ae-3000w-1a,3814.80
Casio AE-3000W-9A,http://casio-shops.ru/casio-ae-3000w-9a,3682.80
Casio AE-3000WD-1A,http://casio-shops.ru/casio-ae-3000wd-1a,4210.80
Casio AEQ-100BW-9A,http://casio-shops.ru/casio-aeq-100bw-9a,4078.80
Casio AEQ-100W-1A,http://casio-shops.ru/casio-aeq-100w-1a,3814.80
Casio AEQ-100W-2A,http://casio-shops.ru/casio-aeq-100w-2a,3814.80
Casio AEQ-110BW-9A,http://casio-shops.ru/casio-aeq-110bw-9a,4210.80
Casio AEQ-110W-1A,http://casio-shops.ru/casio-aeq-110w-1a,3550.80
Casio AEQ-110W-2A,http://casio-shops.ru/casio-aeq-110w-2a,3814.80
Casio AEQ-200W-1A,http://casio-shops.ru/casio-aeq-200w-1a,5266.80
Casio AEQ-200W-2A,http://casio-shops.ru/casio-aeq-200w-2a,5530.80
Casio AEQ-200W-9A,http://casio-shops.ru/casio-aeq-200w-9a,5134.80
Casio AQ-S810W-1A3,http://casio-shops.ru/casio-aq-s810w-1a3,4738.80
Casio AQ-S810W-1A4,http://casio-shops.ru/casio-aq-s810w-1a4,4342.80
Casio AW-80-1A2,http://casio-shops.ru/casio-aw-80-1a2,3022.80
Casio AW-80-7A2,http://casio-shops.ru/casio-aw-80-7a2,3022.80
Casio AW-80D-1A2,http://casio-shops.ru/casio-aw-80d-1a2,3550.80
Casio Baby-G BEM-151D-1A,http://casio-shops.ru/casio-baby-g-bem-151d-1a,7642.80
Casio Baby-G BEM-151D-2A,http://casio-shops.ru/casio-baby-g-bem-151d-2a,6322.80
Casio Baby-G BEM-151L-1A,http://casio-shops.ru/casio-baby-g-bem-151l-1a,5662.80
Casio Baby-G BEM-151L-7A,http://casio-shops.ru/casio-baby-g-bem-151l-7a,5662.80
Casio Baby-G BEM-152D-1A,http://casio-shops.ru/casio-baby-g-bem-152d-1a,8566.80
Casio Baby-G BEM-152D-7A,http://casio-shops.ru/casio-baby-g-bem-152d-7a,8698.80
Casio Baby-G BEM-152L-1A,http://casio-shops.ru/casio-baby-g-bem-152l-1a,6322.80
Casio Baby-G BEM-154D-7A,http://casio-shops.ru/casio-baby-g-bem-154d-7a,6190.80
Casio Baby-G BEM-313D-7A,http://casio-shops.ru/casio-baby-g-bem-313d-7a,8302.80
Casio Baby-G BEM-313L-5A,http://casio-shops.ru/casio-baby-g-bem-313l-5a,7774.80
Casio CA-506B-1A,http://casio-shops.ru/casio-ca-506b-1a,5530.80
Casio CA-506C-5A,http://casio-shops.ru/casio-ca-506c-5a,5002.80
Casio CA-506G-9A,http://casio-shops.ru/casio-ca-506g-9a,5002.80
Casio CPW-500H-1A,http://casio-shops.ru/casio-cpw-500h-1a,7642.80
Casio CPW-500H-9A,http://casio-shops.ru/casio-cpw-500h-9a,7642.80
Casio DB-380-1D,http://casio-shops.ru/casio-db-380-1d,4474.80
Casio DBC-611-1D,http://casio-shops.ru/casio-dbc-611-1d,5266.80
Casio Edifice EF-540D-7A,http://casio-shops.ru/casio-edifice-ef-540d-7a,11338.80
Casio Edifice EF-547D-7A1,http://casio-shops.ru/casio-edifice-ef-547d-7a1,10414.80
Casio Edifice EFB-302JGL-1A,http://casio-shops.ru/casio-edifice-efb-302jgl-1a,21502.80
Casio Edifice EFB-504JL-1A,http://casio-shops.ru/casio-edifice-efb-504jl-1a,18994.80
Casio Edifice EFR-106BB-7A,http://casio-shops.ru/casio-edifice-efr-106bb-7a,10414.80
Casio Edifice EFR-303PG-2A,http://casio-shops.ru/casio-edifice-efr-303pg-2a,16354.80
Casio Edifice EFR-304D-1A,http://casio-shops.ru/casio-edifice-efr-304d-1a,12130.80
Casio Edifice EFR-304D-2A,http://casio-shops.ru/casio-edifice-efr-304d-2a,12130.80
Casio Edifice EFR-304L-7A,http://casio-shops.ru/casio-edifice-efr-304l-7a,11206.80
Casio Edifice EFR-304PG-2A,http://casio-shops.ru/casio-edifice-efr-304pg-2a,13846.80
Casio Edifice EFR-304SG-7A,http://casio-shops.ru/casio-edifice-efr-304sg-7a,14110.80
Casio Edifice EFR-517L-7A,http://casio-shops.ru/casio-edifice-efr-517l-7a,11734.80
Casio Edifice EFR-526BK-1A1,http://casio-shops.ru/casio-edifice-efr-526bk-1a1,10942.80
Casio Edifice EFR-526BK-1A2,http://casio-shops.ru/casio-edifice-efr-526bk-1a2,10150.80
Casio Edifice EFR-526BK-1A9,http://casio-shops.ru/casio-edifice-efr-526bk-1a9,10150.80
Casio Edifice EFR-526L-1B,http://casio-shops.ru/casio-edifice-efr-526l-1b,7906.80
Casio Edifice EFR-526L-2A,http://casio-shops.ru/casio-edifice-efr-526l-2a,7378.80
Casio Edifice EFR-526L-7B,http://casio-shops.ru/casio-edifice-efr-526l-7b,7246.80
Casio Edifice EFR-526SG-7A5,http://casio-shops.ru/casio-edifice-efr-526sg-7a5,9622.80
Casio Edifice EFR-526SG-7A9,http://casio-shops.ru/casio-edifice-efr-526sg-7a9,9490.80
Casio Edifice EFR-539L-1B,http://casio-shops.ru/casio-edifice-efr-539l-1b,10018.80
Casio Edifice EFR-539L-7A,http://casio-shops.ru/casio-edifice-efr-539l-7a,11470.80
Casio Edifice EFR-539L-7C,http://casio-shops.ru/casio-edifice-efr-539l-7c,9226.80
Casio Edifice EFR-539SG-7A,http://casio-shops.ru/casio-edifice-efr-539sg-7a,13582.80
Casio Edifice EFR-539SG-7A5,http://casio-shops.ru/casio-edifice-efr-539sg-7a5,12394.80
Casio Edifice EFR-546L-2A,http://casio-shops.ru/casio-edifice-efr-546l-2a,7906.80
Casio Edifice EFR-546SG-7A,http://casio-shops.ru/casio-edifice-efr-546sg-7a,10810.80
Casio Edifice EFR-547SG-7A,http://casio-shops.ru/casio-edifice-efr-547sg-7a,13582.80
Casio Edifice EFR-547SG-7A9,http://casio-shops.ru/casio-edifice-efr-547sg-7a9,11866.80
Casio Edifice EFR-549BB-2A,http://casio-shops.ru/casio-edifice-efr-549bb-2a,14638.80
Casio Edifice EFR-549D-1B9,http://casio-shops.ru/casio-edifice-efr-549d-1b9,13186.80
Casio Edifice EFR-549L-2A,http://casio-shops.ru/casio-edifice-efr-549l-2a,12658.80
Casio Edifice EFR-552D-1A3,http://casio-shops.ru/casio-edifice-efr-552d-1a3,7642.80
Casio Edifice EFR-552D-7A,http://casio-shops.ru/casio-edifice-efr-552d-7a,6850.80
Casio Edifice EFR-552GL-2A,http://casio-shops.ru/casio-edifice-efr-552gl-2a,10282.80
Casio Edifice EFR-552GL-7A,http://casio-shops.ru/casio-edifice-efr-552gl-7a,9358.80
Casio Edifice EFR-552L-2A,http://casio-shops.ru/casio-edifice-efr-552l-2a,8434.80
Casio Edifice EFR-552L-7A,http://casio-shops.ru/casio-edifice-efr-552l-7a,7642.80
Casio Edifice EFR-554D-1A,http://casio-shops.ru/casio-edifice-efr-554d-1a,10282.80
Casio Edifice EFR-554D-1A2,http://casio-shops.ru/casio-edifice-efr-554d-1a2,9754.80
Casio Edifice EFR-554L-2A,http://casio-shops.ru/casio-edifice-efr-554l-2a,8434.80
Casio Edifice EFR-554L-7A,http://casio-shops.ru/casio-edifice-efr-554l-7a,9358.80
Casio Edifice EFR-555BL-5A,http://casio-shops.ru/casio-edifice-efr-555bl-5a,12262.80
Casio Edifice EFR-555L-2A,http://casio-shops.ru/casio-edifice-efr-555l-2a,9886.80
Casio Edifice EFR-556D-1A,http://casio-shops.ru/casio-edifice-efr-556d-1a,9490.80
Casio Edifice EFR-556DB-1A,http://casio-shops.ru/casio-edifice-efr-556db-1a,10546.80
Casio Edifice EFR-556DB-2A,http://casio-shops.ru/casio-edifice-efr-556db-2a,10546.80
Casio Edifice EFV-500BL-1A,http://casio-shops.ru/casio-edifice-efv-500bl-1a,9754.80
Casio Edifice EFV-500BL-1B,http://casio-shops.ru/casio-edifice-efv-500bl-1b,9754.80
Casio Edifice EFV-500D-1A,http://casio-shops.ru/casio-edifice-efv-500d-1a,7246.80
Casio Edifice EFV-500D-7A,http://casio-shops.ru/casio-edifice-efv-500d-7a,7906.80
Casio Edifice EFV-500DB-1A,http://casio-shops.ru/casio-edifice-efv-500db-1a,9622.80
Casio Edifice EFV-500GL-2A,http://casio-shops.ru/casio-edifice-efv-500gl-2a,9358.80
Casio Edifice EFV-500L-1A,http://casio-shops.ru/casio-edifice-efv-500l-1a,7774.80
Casio Edifice EFV-500L-5A,http://casio-shops.ru/casio-edifice-efv-500l-5a,7906.80
Casio Edifice EFV-500L-7A,http://casio-shops.ru/casio-edifice-efv-500l-7a,8566.80
Casio Edifice EFV-510BL-1A,http://casio-shops.ru/casio-edifice-efv-510bl-1a,9754.80
Casio Edifice EFV-510D-7A,http://casio-shops.ru/casio-edifice-efv-510d-7a,7510.80
Casio Edifice EFV-510L-2A,http://casio-shops.ru/casio-edifice-efv-510l-2a,8566.80
Casio Edifice EFV-510L-5A,http://casio-shops.ru/casio-edifice-efv-510l-5a,7774.80
Casio Edifice EFV-520BL-5A,http://casio-shops.ru/casio-edifice-efv-520bl-5a,10942.80
Casio Edifice EFV-520D-1A,http://casio-shops.ru/casio-edifice-efv-520d-1a,8302.80
Casio Edifice EFV-520D-7A,http://casio-shops.ru/casio-edifice-efv-520d-7a,9358.80
Casio Edifice EFV-520L-2A,http://casio-shops.ru/casio-edifice-efv-520l-2a,7906.80
Casio Edifice EFV-520L-7A,http://casio-shops.ru/casio-edifice-efv-520l-7a,9094.80
Casio Edifice EQB-500L-1A,http://casio-shops.ru/casio-edifice-eqb-500l-1a,20446.80
Casio Edifice EQB-600D-1A,http://casio-shops.ru/casio-edifice-eqb-600d-1a,27970.80
Casio Edifice EQB-700D-1A,http://casio-shops.ru/casio-edifice-eqb-700d-1a,26254.80
Casio Edifice EQB-700D-2A,http://casio-shops.ru/casio-edifice-eqb-700d-2a,26782.80
Casio Edifice EQW-T640DB-1A,http://casio-shops.ru/casio-edifice-eqw-t640db-1a,27046.80
Casio Edifice ERA-200DB-1A9,http://casio-shops.ru/casio-edifice-era-200db-1a9,18994.80
Casio Edifice ERA-600D-1A,http://casio-shops.ru/casio-edifice-era-600d-1a,14902.80
Casio Edifice ERA-600D-1A9,http://casio-shops.ru/casio-edifice-era-600d-1a9,15298.80
Casio Edifice ERA-600L-2A,http://casio-shops.ru/casio-edifice-era-600l-2a,15694.80
Casio Edifice ERA-600SG-1A9,http://casio-shops.ru/casio-edifice-era-600sg-1a9,15562.80
Casio Edifice ETD-300D-2A,http://casio-shops.ru/casio-edifice-etd-300d-2a,15562.80
Casio Edifice ETD-300D-5A,http://casio-shops.ru/casio-edifice-etd-300d-5a,15694.80
Casio Edifice ETD-310D-1A,http://casio-shops.ru/casio-edifice-etd-310d-1a,14506.80
Casio Edifice ETD-310D-2A,http://casio-shops.ru/casio-edifice-etd-310d-2a,15034.80
Casio Edifice ETD-310D-9A,http://casio-shops.ru/casio-edifice-etd-310d-9a,14770.80
Casio F-91WM-7A,http://casio-shops.ru/casio-f-91wm-7a,2098.80
Casio F-91WM-9A,http://casio-shops.ru/casio-f-91wm-9a,2230.80
Casio G-SHOCK DW-5600HR-1E,http://casio-shops.ru/casio-g-shock-dw-5600hr-1e,7906.80
Casio G-SHOCK DW-6900BB-1E,http://casio-shops.ru/casio-g-shock-dw-6900bb-1e,9490.80
Casio G-SHOCK G-7900-1D,http://casio-shops.ru/casio-g-shock-g-7900-1d,9886.80
Casio G-SHOCK G-7900-2D,http://casio-shops.ru/casio-g-shock-g-7900-2d,7774.80
Casio G-SHOCK G-7900-3D,http://casio-shops.ru/casio-g-shock-g-7900-3d,7642.80
Casio G-SHOCK G-8900A-1D,http://casio-shops.ru/casio-g-shock-g-8900a-1d,10150.80
Casio G-SHOCK GA-100BBN-1A,http://casio-shops.ru/casio-g-shock-ga-100bbn-1a,8566.80
Casio G-SHOCK GA-100CG-1A,http://casio-shops.ru/casio-g-shock-ga-100cg-1a,10018.80
Casio G-SHOCK GA-100CG-2A,http://casio-shops.ru/casio-g-shock-ga-100cg-2a,10018.80
Casio G-SHOCK GA-100CG-7A,http://casio-shops.ru/casio-g-shock-ga-100cg-7a,10018.80
Casio G-SHOCK GA-100L-1A,http://casio-shops.ru/casio-g-shock-ga-100l-1a,7906.80
Casio G-SHOCK GA-100L-2A,http://casio-shops.ru/casio-g-shock-ga-100l-2a,7906.80
Casio G-SHOCK GA-1100-2ADR,http://casio-shops.ru/casio-g-shock-ga-1100-2adr,20446.80
Casio G-SHOCK GA-1100GB-1A,http://casio-shops.ru/casio-g-shock-ga-1100gb-1a,18466.80
Casio G-SHOCK GA-1100KH-3A,http://casio-shops.ru/casio-g-shock-ga-1100kh-3a,21106.80
Casio G-SHOCK GA-110B-1A2,http://casio-shops.ru/casio-g-shock-ga-110b-1a2,9490.80
Casio G-SHOCK GA-110HR-1A,http://casio-shops.ru/casio-g-shock-ga-110hr-1a,9886.80
Casio G-SHOCK GA-110LN-1A,http://casio-shops.ru/casio-g-shock-ga-110ln-1a,10546.80
Casio G-SHOCK GA-110LN-2A,http://casio-shops.ru/casio-g-shock-ga-110ln-2a,9886.80
Casio G-SHOCK GA-110LN-3A,http://casio-shops.ru/casio-g-shock-ga-110ln-3a,10150.80
Casio G-SHOCK GA-110LN-8A,http://casio-shops.ru/casio-g-shock-ga-110ln-8a,11734.80
Casio G-SHOCK GA-110LP-1A,http://casio-shops.ru/casio-g-shock-ga-110lp-1a,10546.80
Casio G-SHOCK GA-110LP-3A,http://casio-shops.ru/casio-g-shock-ga-110lp-3a,11206.80
Casio G-SHOCK GA-110LPA-1A,http://casio-shops.ru/casio-g-shock-ga-110lpa-1a,11470.80
Casio G-SHOCK GA-110LPA-4A,http://casio-shops.ru/casio-g-shock-ga-110lpa-4a,11074.80
Casio G-SHOCK GA-110LY-1A,http://casio-shops.ru/casio-g-shock-ga-110ly-1a,10546.80
Casio G-SHOCK GA-110MC-7A,http://casio-shops.ru/casio-g-shock-ga-110mc-7a,9622.80
Casio G-SHOCK GA-110TP-7A,http://casio-shops.ru/casio-g-shock-ga-110tp-7a,13054.80
Casio G-SHOCK GA-110TX-1A,http://casio-shops.ru/casio-g-shock-ga-110tx-1a,12262.80
Casio G-SHOCK GA-110TX-7A,http://casio-shops.ru/casio-g-shock-ga-110tx-7a,11866.80
Casio G-SHOCK GA-120TR-1A,http://casio-shops.ru/casio-g-shock-ga-120tr-1a,9622.80
Casio G-SHOCK GA-120TR-4A,http://casio-shops.ru/casio-g-shock-ga-120tr-4a,11998.80
Casio G-SHOCK GA-120TR-7A,http://casio-shops.ru/casio-g-shock-ga-120tr-7a,10678.80
Casio G-SHOCK GA-120TRM-7A,http://casio-shops.ru/casio-g-shock-ga-120trm-7a,9622.80
Casio G-SHOCK GA-400HR-1A,http://casio-shops.ru/casio-g-shock-ga-400hr-1a,9622.80
Casio G-SHOCK GA-400LY-1A,http://casio-shops.ru/casio-g-shock-ga-400ly-1a,9622.80
Casio G-SHOCK GA-500-1A4,http://casio-shops.ru/casio-g-shock-ga-500-1a4,11074.80
Casio G-SHOCK GA-500-7A,http://casio-shops.ru/casio-g-shock-ga-500-7a,10018.80
Casio G-SHOCK GA-500P-1A,http://casio-shops.ru/casio-g-shock-ga-500p-1a,10678.80
Casio G-SHOCK GA-700-1A,http://casio-shops.ru/casio-g-shock-ga-700-1a,8962.80
Casio G-SHOCK GA-700-1B,http://casio-shops.ru/casio-g-shock-ga-700-1b,8962.80
Casio G-SHOCK GA-700-1BDR,http://casio-shops.ru/casio-g-shock-ga-700-1bdr,9226.80
Casio G-SHOCK GA-700-4A,http://casio-shops.ru/casio-g-shock-ga-700-4a,8962.80
Casio G-SHOCK GAX-100B-1A,http://casio-shops.ru/casio-g-shock-gax-100b-1a,10546.80
Casio G-SHOCK GAX-100B-7A,http://casio-shops.ru/casio-g-shock-gax-100b-7a,11206.80
Casio G-SHOCK GAX-100MA-2A,http://casio-shops.ru/casio-g-shock-gax-100ma-2a,12130.80
Casio G-SHOCK GAX-100MB-3A,http://casio-shops.ru/casio-g-shock-gax-100mb-3a,11998.80
Casio G-SHOCK GAX-100X-4A,http://casio-shops.ru/casio-g-shock-gax-100x-4a,11734.80
Casio G-SHOCK GD-400-3D,http://casio-shops.ru/casio-g-shock-gd-400-3d,7774.80
Casio G-SHOCK GD-400-3DR,http://casio-shops.ru/casio-g-shock-gd-400-3dr,9226.80
Casio G-SHOCK GD-400-9D,http://casio-shops.ru/casio-g-shock-gd-400-9d,8302.80
Casio G-SHOCK GD-400-9DR,http://casio-shops.ru/casio-g-shock-gd-400-9dr,9886.80
Casio G-SHOCK GD-400MB-1E,http://casio-shops.ru/casio-g-shock-gd-400mb-1e,9094.80
Casio G-SHOCK GG-1000-1A5,http://casio-shops.ru/casio-g-shock-gg-1000-1a5,24010.80
Casio G-SHOCK GG-1000GB-1A,http://casio-shops.ru/casio-g-shock-gg-1000gb-1a,21634.80
Casio G-SHOCK GLS-6900-1E,http://casio-shops.ru/casio-g-shock-gls-6900-1e,9490.80
Casio G-SHOCK GLS-6900-2D,http://casio-shops.ru/casio-g-shock-gls-6900-2d,8302.80
Casio G-SHOCK GLS-6900-2E,http://casio-shops.ru/casio-g-shock-gls-6900-2e,9490.80
Casio G-SHOCK GLS-6900-9D,http://casio-shops.ru/casio-g-shock-gls-6900-9d,8830.80
Casio G-SHOCK GST-210B-1A9,http://casio-shops.ru/casio-g-shock-gst-210b-1a9,21634.80
Casio G-SHOCK GST-210M-1A,http://casio-shops.ru/casio-g-shock-gst-210m-1a,28102.80
Casio G-SHOCK GST-210M-4A,http://casio-shops.ru/casio-g-shock-gst-210m-4a,20974.80
Casio G-SHOCK GST-S100G-1A,http://casio-shops.ru/casio-g-shock-gst-s100g-1a,19786.80
Casio G-SHOCK GST-S110D-2A,http://casio-shops.ru/casio-g-shock-gst-s110d-2a,24010.80
Casio G-SHOCK GST-W100G-1B,http://casio-shops.ru/casio-g-shock-gst-w100g-1b,22690.80
Casio G-SHOCK GW-9300DC-1E,http://casio-shops.ru/casio-g-shock-gw-9300dc-1e,27442.80
Casio G-SHOCK GW-9400-3D,http://casio-shops.ru/casio-g-shock-gw-9400-3d,24802.80
Casio G-SHOCK GW-9400DCJ-1E,http://casio-shops.ru/casio-g-shock-gw-9400dcj-1e,35098.80
Casio G-SHOCK GW-A1100KH-3A,http://casio-shops.ru/casio-g-shock-gw-a1100kh-3a,35626.80
Casio G-SHOCK GWN-1000H-2A,http://casio-shops.ru/casio-g-shock-gwn-1000h-2a,35626.80
Casio G-SHOCK GWN-Q1000-7A,http://casio-shops.ru/casio-g-shock-gwn-q1000-7a,34174.80
Casio G-SHOCK GWN-Q1000NV-2A,http://casio-shops.ru/casio-g-shock-gwn-q1000nv-2a,64270.80
Casio G-SHOCK MTG-S1000BD-1A,http://casio-shops.ru/casio-g-shock-mtg-s1000bd-1a,76546.80
Casio LA-11WB-1W,http://casio-shops.ru/casio-la-11wb-1w,2362.80
Casio MCW-100H-1A3,http://casio-shops.ru/casio-mcw-100h-1a3,4870.80
Casio MCW-100H-9A2,http://casio-shops.ru/casio-mcw-100h-9a2,4870.80
Casio MQ-76-1A,http://casio-shops.ru/casio-mq-76-1a,1438.80
Casio MQ-76-2A,http://casio-shops.ru/casio-mq-76-2a,1438.80
Casio MQ-76-7A,http://casio-shops.ru/casio-mq-76-7a,2230.80
Casio MQ-76-7A1,http://casio-shops.ru/casio-mq-76-7a1,1438.80
Casio MQ-76-9A,http://casio-shops.ru/casio-mq-76-9a,1438.80
Casio MRW-200H-1B3,http://casio-shops.ru/casio-mrw-200h-1b3,2494.80
Casio MRW-200H-2B2,http://casio-shops.ru/casio-mrw-200h-2b2,2494.80
Casio MRW-200H-2B3,http://casio-shops.ru/casio-mrw-200h-2b3,2626.80
Casio MRW-200H-5B,http://casio-shops.ru/casio-mrw-200h-5b,2362.80
Casio MRW-200H-7B,http://casio-shops.ru/casio-mrw-200h-7b,2626.80
Casio MRW-210H-1A,http://casio-shops.ru/casio-mrw-210h-1a,3286.80
Casio MRW-210H-1A2,http://casio-shops.ru/casio-mrw-210h-1a2,3286.80
Casio MRW-210H-7A,http://casio-shops.ru/casio-mrw-210h-7a,3286.80
Casio MTD-100D-7A1,http://casio-shops.ru/casio-mtd-100d-7a1,6322.80
Casio MTD-100D-7A2,http://casio-shops.ru/casio-mtd-100d-7a2,6190.80
Casio MTD-1082-4A,http://casio-shops.ru/casio-mtd-1082-4a,8698.80
Casio MTD-1082-9A,http://casio-shops.ru/casio-mtd-1082-9a,8698.80
Casio MTD-300RG-7A,http://casio-shops.ru/casio-mtd-300rg-7a,9622.80
Casio MTD-300SG-1A,http://casio-shops.ru/casio-mtd-300sg-1a,8038.80
Casio MTD-300SG-9A,http://casio-shops.ru/casio-mtd-300sg-9a,8434.80
Casio MTP-1128PA-7B,http://casio-shops.ru/casio-mtp-1128pa-7b,2890.80
Casio MTP-1141PA-7A,http://casio-shops.ru/casio-mtp-1141pa-7a,2890.80
Casio MTP-1154PE-7A,http://casio-shops.ru/casio-mtp-1154pe-7a,2494.80
Casio MTP-1154PE-7B,http://casio-shops.ru/casio-mtp-1154pe-7b,2494.80
Casio MTP-1154PQ-1A,http://casio-shops.ru/casio-mtp-1154pq-1a,2626.80
Casio MTP-1154PQ-7A,http://casio-shops.ru/casio-mtp-1154pq-7a,2626.80
Casio MTP-1154PQ-7B,http://casio-shops.ru/casio-mtp-1154pq-7b,2626.80
Casio MTP-1154PQ-7B2,http://casio-shops.ru/casio-mtp-1154pq-7b2,2626.80
Casio MTP-1183PA-1A,http://casio-shops.ru/casio-mtp-1183pa-1a,3286.80
Casio MTP-1183PA-2A,http://casio-shops.ru/casio-mtp-1183pa-2a,3154.80
Casio MTP-1183PA-7A,http://casio-shops.ru/casio-mtp-1183pa-7a,3286.80
Casio MTP-1183PA-7B,http://casio-shops.ru/casio-mtp-1183pa-7b,3154.80
Casio MTP-1188PG-7B,http://casio-shops.ru/casio-mtp-1188pg-7b,3550.80
Casio MTP-1236PGL-7B,http://casio-shops.ru/casio-mtp-1236pgl-7b,2890.80
Casio MTP-1236PL-7B,http://casio-shops.ru/casio-mtp-1236pl-7b,2494.80
Casio MTP-1258PD-1A,http://casio-shops.ru/casio-mtp-1258pd-1a,3286.80
Casio MTP-1258PD-2A,http://casio-shops.ru/casio-mtp-1258pd-2a,3286.80
Casio MTP-1258PD-7A,http://casio-shops.ru/casio-mtp-1258pd-7a,3286.80
Casio MTP-1259PD-1A,http://casio-shops.ru/casio-mtp-1259pd-1a,3286.80
Casio MTP-1259PD-2A,http://casio-shops.ru/casio-mtp-1259pd-2a,3286.80
Casio MTP-1259PD-7B,http://casio-shops.ru/casio-mtp-1259pd-7b,3286.80
Casio MTP-1260PD-1B,http://casio-shops.ru/casio-mtp-1260pd-1b,3418.80
Casio MTP-1260PD-7B,http://casio-shops.ru/casio-mtp-1260pd-7b,3154.80
Casio MTP-1261PE-7A,http://casio-shops.ru/casio-mtp-1261pe-7a,2494.80
Casio MTP-1264PG-7B,http://casio-shops.ru/casio-mtp-1264pg-7b,3286.80
Casio MTP-1303PD-2A,http://casio-shops.ru/casio-mtp-1303pd-2a,3946.80
Casio MTP-1310PD-1A,http://casio-shops.ru/casio-mtp-1310pd-1a,3946.80
Casio MTP-1310PD-7B,http://casio-shops.ru/casio-mtp-1310pd-7b,3946.80
Casio MTP-1347D-7A,http://casio-shops.ru/casio-mtp-1347d-7a,5662.80
Casio MTP-1375D-7A2,http://casio-shops.ru/casio-mtp-1375d-7a2,4870.80
Casio MTP-1375L-9A,http://casio-shops.ru/casio-mtp-1375l-9a,4606.80
Casio MTP-1375SG-1A,http://casio-shops.ru/casio-mtp-1375sg-1a,5926.80
Casio MTP-1375SG-9A,http://casio-shops.ru/casio-mtp-1375sg-9a,6322.80
Casio MTP-1376RL-7A,http://casio-shops.ru/casio-mtp-1376rl-7a,4870.80
Casio MTP-1376RL-7B,http://casio-shops.ru/casio-mtp-1376rl-7b,5398.80
Casio MTP-1381D-9A,http://casio-shops.ru/casio-mtp-1381d-9a,3814.80
Casio MTP-1381L-9A,http://casio-shops.ru/casio-mtp-1381l-9a,3682.80
Casio MTP-1400D-1A,http://casio-shops.ru/casio-mtp-1400d-1a,3682.80
Casio MTP-1400L-7A,http://casio-shops.ru/casio-mtp-1400l-7a,3550.80
Casio MTP-1401L-7A,http://casio-shops.ru/casio-mtp-1401l-7a,3022.80
Casio MTP-E113L-2A,http://casio-shops.ru/casio-mtp-e113l-2a,5926.80
Casio MTP-E124D-1A,http://casio-shops.ru/casio-mtp-e124d-1a,5530.80
Casio MTP-E124D-2A,http://casio-shops.ru/casio-mtp-e124d-2a,5134.80
Casio MTP-E124D-7A,http://casio-shops.ru/casio-mtp-e124d-7a,5794.80
Casio MTP-E124L-1A,http://casio-shops.ru/casio-mtp-e124l-1a,4870.80
Casio MTP-E126D-2A,http://casio-shops.ru/casio-mtp-e126d-2a,5926.80
Casio MTP-E126D-7A,http://casio-shops.ru/casio-mtp-e126d-7a,4738.80
Casio MTP-E126L-7A,http://casio-shops.ru/casio-mtp-e126l-7a,5134.80
Casio MTP-E127D-7A,http://casio-shops.ru/casio-mtp-e127d-7a,5530.80
Casio MTP-E129D-3A,http://casio-shops.ru/casio-mtp-e129d-3a,5266.80
Casio MTP-E129L-3A,http://casio-shops.ru/casio-mtp-e129l-3a,4870.80
Casio MTP-E130D-1A2,http://casio-shops.ru/casio-mtp-e130d-1a2,6454.80
Casio MTP-E130D-9A,http://casio-shops.ru/casio-mtp-e130d-9a,5926.80
Casio MTP-E130L-7A,http://casio-shops.ru/casio-mtp-e130l-7a,6322.80
Casio MTP-E131DY-1A,http://casio-shops.ru/casio-mtp-e131dy-1a,5662.80
Casio MTP-E131DY-2A,http://casio-shops.ru/casio-mtp-e131dy-2a,6322.80
Casio MTP-E131DY-4A,http://casio-shops.ru/casio-mtp-e131dy-4a,6190.80
Casio MTP-E131DY-7A,http://casio-shops.ru/casio-mtp-e131dy-7a,6322.80
Casio MTP-E131LY-1A,http://casio-shops.ru/casio-mtp-e131ly-1a,6322.80
Casio MTP-E131LY-7A,http://casio-shops.ru/casio-mtp-e131ly-7a,5530.80
Casio MTP-E133L-2E,http://casio-shops.ru/casio-mtp-e133l-2e,5398.80
Casio MTP-E133L-5E,http://casio-shops.ru/casio-mtp-e133l-5e,5398.80
Casio MTP-E133L-7E,http://casio-shops.ru/casio-mtp-e133l-7e,5398.80
Casio MTP-E134D-1B,http://casio-shops.ru/casio-mtp-e134d-1b,4210.80
Casio MTP-E134D-2B,http://casio-shops.ru/casio-mtp-e134d-2b,4342.80
Casio MTP-E134D-8B,http://casio-shops.ru/casio-mtp-e134d-8b,4210.80
Casio MTP-E303L-9A,http://casio-shops.ru/casio-mtp-e303l-9a,6322.80
Casio MTP-E305L-7A2,http://casio-shops.ru/casio-mtp-e305l-7a2,5398.80
Casio MTP-E305RG-7A,http://casio-shops.ru/casio-mtp-e305rg-7a,7114.80
Casio MTP-E309L-3A,http://casio-shops.ru/casio-mtp-e309l-3a,5662.80
Casio MTP-E309L-5A,http://casio-shops.ru/casio-mtp-e309l-5a,6190.80
Casio MTP-E310L-1A2,http://casio-shops.ru/casio-mtp-e310l-1a2,6982.80
Casio MTP-E310L-1A3,http://casio-shops.ru/casio-mtp-e310l-1a3,7246.80
Casio MTP-E310L-2A,http://casio-shops.ru/casio-mtp-e310l-2a,6850.80
Casio MTP-E310L-4A,http://casio-shops.ru/casio-mtp-e310l-4a,6850.80
Casio MTP-E311DY-1A,http://casio-shops.ru/casio-mtp-e311dy-1a,6850.80
Casio MTP-E311DY-2A,http://casio-shops.ru/casio-mtp-e311dy-2a,8170.80
Casio MTP-E311DY-4A,http://casio-shops.ru/casio-mtp-e311dy-4a,8170.80
Casio MTP-E311DY-7A,http://casio-shops.ru/casio-mtp-e311dy-7a,6850.80
Casio MTP-E311LY-1A,http://casio-shops.ru/casio-mtp-e311ly-1a,7906.80
Casio MTP-E311LY-7A,http://casio-shops.ru/casio-mtp-e311ly-7a,6718.80
Casio MTP-E312D-1B1,http://casio-shops.ru/casio-mtp-e312d-1b1,5662.80
Casio MTP-E312D-1B2,http://casio-shops.ru/casio-mtp-e312d-1b2,5662.80
Casio MTP-E312D-7B,http://casio-shops.ru/casio-mtp-e312d-7b,5662.80
Casio MTP-E312L-5B,http://casio-shops.ru/casio-mtp-e312l-5b,5266.80
Casio MTP-E400-1A,http://casio-shops.ru/casio-mtp-e400-1a,7510.80
Casio MTP-E400-7A,http://casio-shops.ru/casio-mtp-e400-7a,8038.80
Casio MTP-E400D-2A,http://casio-shops.ru/casio-mtp-e400d-2a,7642.80
Casio MTP-E400D-7A,http://casio-shops.ru/casio-mtp-e400d-7a,7642.80
Casio MTP-TW100D-1A,http://casio-shops.ru/casio-mtp-tw100d-1a,5794.80
Casio MTP-TW100D-4A,http://casio-shops.ru/casio-mtp-tw100d-4a,6322.80
Casio MTP-TW100D-5A,http://casio-shops.ru/casio-mtp-tw100d-5a,6322.80
Casio MTP-TW100D-7A,http://casio-shops.ru/casio-mtp-tw100d-7a,6322.80
Casio MTP-TW100L-1A,http://casio-shops.ru/casio-mtp-tw100l-1a,6190.80
Casio MTP-TW100L-5A,http://casio-shops.ru/casio-mtp-tw100l-5a,5398.80
Casio MTP-TW100L-7A1,http://casio-shops.ru/casio-mtp-tw100l-7a1,6058.80
Casio MTP-TW100L-7A2,http://casio-shops.ru/casio-mtp-tw100l-7a2,5662.80
Casio MTP-TW101D-1A,http://casio-shops.ru/casio-mtp-tw101d-1a,5530.80
Casio MTP-TW101D-7A,http://casio-shops.ru/casio-mtp-tw101d-7a,5530.80
Casio MTP-TW101L-1A,http://casio-shops.ru/casio-mtp-tw101l-1a,5398.80
Casio MTP-TW101L-7A,http://casio-shops.ru/casio-mtp-tw101l-7a,5398.80
Casio MTP-V006D-1B,http://casio-shops.ru/casio-mtp-v006d-1b,2494.80
Casio MTP-V006D-7B,http://casio-shops.ru/casio-mtp-v006d-7b,2626.80
Casio MTP-V006G-9B,http://casio-shops.ru/casio-mtp-v006g-9b,3154.80
Casio MTP-V006GL-7B,http://casio-shops.ru/casio-mtp-v006gl-7b,2362.80
Casio MTP-V006GL-9B,http://casio-shops.ru/casio-mtp-v006gl-9b,2362.80
Casio MTP-V006L-1B,http://casio-shops.ru/casio-mtp-v006l-1b,2230.80
Casio MTP-V006L-7B,http://casio-shops.ru/casio-mtp-v006l-7b,2230.80
Casio MTP-V006SG-9B,http://casio-shops.ru/casio-mtp-v006sg-9b,3154.80
Casio MTP-V007D-7E,http://casio-shops.ru/casio-mtp-v007d-7e,2362.80
Casio MTP-V007L-7E2,http://casio-shops.ru/casio-mtp-v007l-7e2,2230.80
Casio MTP-V007L-9E,http://casio-shops.ru/casio-mtp-v007l-9e,2758.80
Casio MTP-V007SG-9E,http://casio-shops.ru/casio-mtp-v007sg-9e,3022.80
Casio MTP-V300D-1A,http://casio-shops.ru/casio-mtp-v300d-1a,5134.80
Casio MTP-V300D-7A,http://casio-shops.ru/casio-mtp-v300d-7a,3946.80
Casio MTP-V300G-1A,http://casio-shops.ru/casio-mtp-v300g-1a,5926.80
Casio MTP-V300G-7A,http://casio-shops.ru/casio-mtp-v300g-7a,4738.80
Casio MTP-V300G-9A,http://casio-shops.ru/casio-mtp-v300g-9a,4738.80
Casio MTP-V300GL-9A,http://casio-shops.ru/casio-mtp-v300gl-9a,3946.80
Casio MTP-V300L-1A,http://casio-shops.ru/casio-mtp-v300l-1a,3814.80
Casio MTP-V300L-7A,http://casio-shops.ru/casio-mtp-v300l-7a,4870.80
Casio MTP-V301D-1A,http://casio-shops.ru/casio-mtp-v301d-1a,5134.80
Casio MTP-V301D-7A,http://casio-shops.ru/casio-mtp-v301d-7a,3418.80
Casio MTP-V301G-7A,http://casio-shops.ru/casio-mtp-v301g-7a,4474.80
Casio MTP-V301G-9A,http://casio-shops.ru/casio-mtp-v301g-9a,6058.80
Casio MTP-V301GL-9A,http://casio-shops.ru/casio-mtp-v301gl-9a,3418.80
Casio MTP-V301L-1A,http://casio-shops.ru/casio-mtp-v301l-1a,3814.80
Casio MTP-V301L-7A,http://casio-shops.ru/casio-mtp-v301l-7a,3418.80
Casio MTP-VS01D-7B,http://casio-shops.ru/casio-mtp-vs01d-7b,3814.80
Casio MTP-VS01G-1A,http://casio-shops.ru/casio-mtp-vs01g-1a,3682.80
Casio MTP-VS01G-2A,http://casio-shops.ru/casio-mtp-vs01g-2a,3682.80
Casio MTP-VS01GL-1A,http://casio-shops.ru/casio-mtp-vs01gl-1a,3286.80
Casio MTP-VS01L-1B1,http://casio-shops.ru/casio-mtp-vs01l-1b1,3682.80
Casio MTP-VS01L-1B2,http://casio-shops.ru/casio-mtp-vs01l-1b2,2890.80
Casio MTP-VS01L-7B1,http://casio-shops.ru/casio-mtp-vs01l-7b1,2890.80
Casio MTP-VS01L-7B2,http://casio-shops.ru/casio-mtp-vs01l-7b2,2890.80
Casio MTP-VS02G-1A,http://casio-shops.ru/casio-mtp-vs02g-1a,3682.80
Casio MTP-VS02G-9A,http://casio-shops.ru/casio-mtp-vs02g-9a,3682.80
Casio MTP-VS02GL-9A,http://casio-shops.ru/casio-mtp-vs02gl-9a,3022.80
Casio MTP-VS02L-7A,http://casio-shops.ru/casio-mtp-vs02l-7a,3682.80
Casio MTP-VS02L-7B,http://casio-shops.ru/casio-mtp-vs02l-7b,2890.80
Casio MTP-X100L-1A,http://casio-shops.ru/casio-mtp-x100l-1a,4474.80
Casio MTP-X100L-7A,http://casio-shops.ru/casio-mtp-x100l-7a,5002.80
Casio MTR-200-1A1,http://casio-shops.ru/casio-mtr-200-1a1,6586.80
Casio MW-240-1B,http://casio-shops.ru/casio-mw-240-1b,2098.80
Casio MW-240-1B2,http://casio-shops.ru/casio-mw-240-1b2,2494.80
Casio MW-240-2B,http://casio-shops.ru/casio-mw-240-2b,2494.80
Casio MW-240-3B,http://casio-shops.ru/casio-mw-240-3b,2098.80
Casio MW-240-4B,http://casio-shops.ru/casio-mw-240-4b,2098.80
Casio MW-240-7B,http://casio-shops.ru/casio-mw-240-7b,2098.80
Casio ProTrek PRG-300-2D,http://casio-shops.ru/casio-protrek-prg-300-2d,15166.80
Casio ProTrek PRG-600-1E,http://casio-shops.ru/casio-protrek-prg-600-1e,24538.80
Casio ProTrek PRG-600Y-1E,http://casio-shops.ru/casio-protrek-prg-600y-1e,29950.80
Casio ProTrek PRW-3000G-7D,http://casio-shops.ru/casio-protrek-prw-3000g-7d,25330.80
Casio ProTrek PRW-3100G-3D,http://casio-shops.ru/casio-protrek-prw-3100g-3d,31798.80
Casio ProTrek PRW-3100YT-1D,http://casio-shops.ru/casio-protrek-prw-3100yt-1d,42886.80
Casio ProTrek PRW-3510FC-1D,http://casio-shops.ru/casio-protrek-prw-3510fc-1d,39850.80
Casio ProTrek PRW-6000SC-7D,http://casio-shops.ru/casio-protrek-prw-6000sc-7d,32722.80
Casio ProTrek PRW-6000SG-3D,http://casio-shops.ru/casio-protrek-prw-6000sg-3d,41962.80
Casio ProTrek PRW-6100FC-1D,http://casio-shops.ru/casio-protrek-prw-6100fc-1d,51202.80
Casio ProTrek PRW-6100YT-1B,http://casio-shops.ru/casio-protrek-prw-6100yt-1b,54370.80
Casio ProTrek PRW-7000-1A,http://casio-shops.ru/casio-protrek-prw-7000-1a,53710.80
Casio ProTrek PRW-S3100-1D,http://casio-shops.ru/casio-protrek-prw-s3100-1d,28102.80
Casio ProTrek PRW-S3500-1D,http://casio-shops.ru/casio-protrek-prw-s3500-1d,30742.80
Casio STL-S300H-1A,http://casio-shops.ru/casio-stl-s300h-1a,5002.80
Casio STL-S300H-1B,http://casio-shops.ru/casio-stl-s300h-1b,5002.80
Casio W-216H-1C,http://casio-shops.ru/casio-w-216h-1c,2362.80
Casio W-216H-2B,http://casio-shops.ru/casio-w-216h-2b,2626.80
Casio W-216H-3B,http://casio-shops.ru/casio-w-216h-3b,2230.80
Casio W-735H-1A2,http://casio-shops.ru/casio-w-735h-1a2,3022.80
Casio W-736H-1A,http://casio-shops.ru/casio-w-736h-1a,3550.80
Casio W-736H-2A,http://casio-shops.ru/casio-w-736h-2a,3286.80
Casio W-736H-3A,http://casio-shops.ru/casio-w-736h-3a,3286.80
Мужские часы Casio W-59B-3A,http://casio-shops.ru/muzhskie-chasy-casio-w-59b-3a,2890.80
Мужские часы Casio Wave Ceptor LCW-M100DSE-1A / LCW-M100DSE-1AER,http://casio-shops.ru/muzhskie-chasy-casio-wave-ceptor-lcw-m100dse-1a-lcw-m100dse-1aer,14770.80
Мужские часы Casio Wave Ceptor WV-200E-1A / WV-200E-1AER,http://casio-shops.ru/muzhskie-chasy-casio-wave-ceptor-wv-200e-1a-wv-200e-1aer,5398.80
Мужские часы Casio Wave Ceptor WV-58E-1A / WV-58E-1AER,http://casio-shops.ru/muzhskie-chasy-casio-wave-ceptor-wv-58e-1a-wv-58e-1aer,5134.80
Мужские часы Casio Wave Ceptor WV-59DE-1A / WV-59DE-1AVEF,http://casio-shops.ru/muzhskie-chasy-casio-wave-ceptor-wv-59de-1a-wv-59de-1avef,5530.80
Мужские часы Casio Wave Ceptor WV-59E-1A / WV-59E-1AVEF,http://casio-shops.ru/muzhskie-chasy-casio-wave-ceptor-wv-59e-1a-wv-59e-1avef,4342.80
Мужские часы Casio Wave Ceptor WVA-105HDE-1A / WVA-105HDE-1AER,http://casio-shops.ru/muzhskie-chasy-casio-wave-ceptor-wva-105hde-1a-wva-105hde-1aer,7114.80
Мужские часы Casio Wave Ceptor WVA-105HDE-2A / WVA-105HDE-2AER,http://casio-shops.ru/muzhskie-chasy-casio-wave-ceptor-wva-105hde-2a-wva-105hde-2aer,6454.80
Мужские часы Casio Wave Ceptor WVA-109HDE-1A / WVA-109HDE-1AER,http://casio-shops.ru/muzhskie-chasy-casio-wave-ceptor-wva-109hde-1a-wva-109hde-1aer,6586.80
Мужские часы Casio Wave Ceptor WVA-109HE-1B / WVA-109HE-1BER,http://casio-shops.ru/muzhskie-chasy-casio-wave-ceptor-wva-109he-1b-wva-109he-1ber,7378.80
Мужские часы Casio Wave Ceptor WVA-M640TD-1A / WVA-M640TD-1AER,http://casio-shops.ru/muzhskie-chasy-casio-wave-ceptor-wva-m640td-1a-wva-m640td-1aer,17806.80
